,MILAN,DnD,NetDissect
tench,0.013430396,-0.10136525,0.07820631
goldfish,0.2847764,0.21491565,0.125607
great white shark,0.09822776,0.41495508,-0.14632595
tiger shark,0.32676557,0.46873915,-0.08551075
hammerhead,-0.02990399,0.054140788,0.112951435
electric ray,-0.059608795,0.043432917,0.12635076
stingray,0.038819917,0.07039931,0.15233782
cock,0.24389966,0.2761158,0.5249389
hen,0.09875362,0.0028796827,0.3470671
ostrich,-0.23469943,-0.23824483,-0.17839694
brambling,0.32686234,0.009105928,0.24654731
goldfinch,0.06541125,0.00039977935,0.15852734
house finch,0.18467298,0.053661194,0.21328229
junco,0.06145336,-0.058614645,0.25156328
indigo bunting,0.20372924,0.20022236,-0.065358624
robin,0.2118947,-0.009189274,0.29307887
bulbul,0.23398852,-0.08307252,0.3439515
jay,0.11061951,-0.018747956,0.4932034
magpie,0.090342365,-0.10004443,0.17248501
chickadee,0.16231324,0.050667793,0.1664583
water ouzel,-0.19032569,-0.2740851,-0.0067277355
kite,0.28180277,0.04462837,0.35500017
bald eagle,0.29348254,0.78836274,0.11121635
vulture,-0.111762345,-0.21234782,0.03792465
great grey owl,-0.0908096,-0.10651365,0.079208225
European fire salamander,-0.035618857,-0.055703178,-0.11819625
common newt,0.12716338,0.19169173,0.0875319
eft,-0.057305474,-0.17503308,-0.07099933
spotted salamander,0.07793437,0.18874882,-0.12001221
axolotl,-0.41773623,-0.4679449,-0.45996732
bullfrog,0.13034078,0.22515418,0.3099519
tree frog,0.12556604,0.6135123,0.011910034
tailed frog,0.0089802025,0.04101835,0.06204773
loggerhead,-0.12482439,-0.051293243,0.029096661
leatherback turtle,0.04110099,0.23054555,-0.011708732
mud turtle,0.055837024,0.39338005,0.09116488
terrapin,-0.024779962,0.14000788,0.1202679
box turtle,0.07944131,0.26119187,0.1500617
banded gecko,0.0593132,0.23577304,-0.025606008
common iguana,-0.02711401,0.2588762,0.026241347
American chameleon,0.030798195,0.22304685,-0.28825963
whiptail,0.23674989,0.16324595,0.33673924
agama,0.06200606,-0.01281766,0.060343374
frilled lizard,0.14007287,0.37587592,0.27281797
alligator lizard,-0.0014617373,0.2831109,0.063683935
Gila monster,0.32715335,0.28052786,0.15632856
green lizard,0.20230283,0.40073535,-0.025479224
African chameleon,0.031243179,0.10305301,0.016153276
Komodo dragon,0.23702148,0.19003646,0.055376854
African crocodile,0.031276025,0.39481246,-0.011207595
American alligator,0.05494141,0.34110537,-0.22402228
triceratops,-0.030571818,-0.054675475,-0.01242777
thunder snake,-0.015381617,0.13066745,0.20694126
ringneck snake,-0.06152929,0.228084,0.038619675
hognose snake,-0.17485155,0.040390074,-0.08275044
green snake,0.19888917,0.5128731,0.27038822
king snake,0.1838607,0.65235054,0.19576898
garter snake,-0.0121148685,0.33155444,0.13337126
water snake,0.27695033,0.38949457,0.25948116
vine snake,0.002407152,0.31631905,0.0893242
night snake,0.1235191,0.33721563,0.26417962
boa constrictor,-0.27608612,-0.19507961,-0.28945968
rock python,-0.0362715,-0.007193203,-0.03246724
Indian cobra,0.16329998,0.19816412,-0.010890456
green mamba,0.23438053,0.3401257,0.19806135
sea snake,0.24042949,0.25845098,0.2179864
horned viper,-0.062179107,0.10963807,-0.03441493
diamondback,0.16417335,0.027752526,0.22199443
sidewinder,0.057456627,-0.029568838,0.11453855
trilobite,0.047738314,0.11268409,-0.05307071
harvestman,0.21755871,0.12300772,0.10808805
scorpion,0.16426128,0.5263738,0.43421474
black and gold garden spider,0.19618924,0.33462733,-0.034762792
barn spider,0.31686008,0.33162615,0.11402787
garden spider,0.30931303,0.37575585,0.06256864
black widow,0.16518338,0.32924548,0.0891063
tarantula,0.2766159,0.28046817,0.03657204
wolf spider,0.16634247,0.25838777,0.07163996
tick,0.40551716,0.09632422,0.06623129
centipede,-0.106901065,0.0135999145,-0.16653176
black grouse,0.12474917,-0.08622626,-0.14387819
ptarmigan,-0.31493148,-0.38534066,-0.31437665
ruffed grouse,-0.08456922,-0.1804375,-0.11464026
prairie chicken,0.16538398,-0.06201701,-0.0576657
peacock,0.23834018,0.70977646,0.2777446
quail,0.22894007,0.26058373,0.32787487
partridge,0.17785095,0.08329961,0.32551044
African grey,0.14809635,-0.038845345,0.22610736
macaw,-0.08103054,-0.066680156,0.13039799
sulphur-crested cockatoo,-0.11335016,-0.015300389,-0.041868057
lorikeet,-0.16786918,-0.119951814,-0.19985542
coucal,-0.0011728508,-0.15376884,0.12886633
bee eater,0.03325479,-0.037988573,0.009784352
hornbill,0.17813243,0.08093695,0.38899836
hummingbird,0.31828547,0.653392,0.12389593
jacamar,-0.08704771,-0.21082215,0.04303879
toucan,-0.040674016,-0.117988944,0.16178314
drake,0.038788132,0.13668215,0.25441647
red-breasted merganser,0.10611563,0.08650385,0.050869804
goose,0.40128806,0.11770853,0.40842968
black swan,0.2107268,0.4404269,0.30357203
tusker,0.11586855,-0.0121809095,0.12240665
echidna,-0.15552053,-0.2352366,-0.2360909
platypus,-0.09058393,0.06641705,0.02839846
wallaby,0.05038032,0.059538517,0.25325528
koala,-0.047073312,0.07082946,0.12245644
wombat,0.22040379,0.20035231,0.24816373
jellyfish,0.29407233,0.82865393,0.3043338
sea anemone,0.28370702,0.13745487,-0.014372633
brain coral,0.08422171,0.3596697,0.18321443
flatworm,0.01087986,0.032440398,0.2646843
nematode,-0.11480236,0.01702841,0.19805712
conch,0.13989946,0.30588946,0.33343965
snail,0.100008406,0.51692635,0.12173952
slug,0.19536744,0.2592442,0.014874829
sea slug,0.05954558,0.22952738,0.078564055
chiton,0.03339217,0.18126144,0.32623053
chambered nautilus,0.061814293,-0.04359502,0.10773241
Dungeness crab,0.0974169,0.18441553,0.092669345
rock crab,0.22419533,0.2711182,0.31112933
fiddler crab,0.06782087,0.16421148,0.012426357
king crab,0.026972393,0.3354417,0.1756179
American lobster,0.24963924,0.3289845,0.0096483845
spiny lobster,0.09754651,0.19275862,0.022017177
crayfish,0.05547468,0.23366997,0.10650094
hermit crab,0.16298284,0.0961374,0.21903811
isopod,0.08376896,0.087709896,0.14320576
white stork,0.3598286,0.017664455,0.004022515
black stork,0.37788013,0.06436765,0.14355399
spoonbill,0.20388852,0.05380352,0.38680136
flamingo,0.18692616,0.38227558,0.3051969
little blue heron,0.15825328,-0.15016411,0.14052102
American egret,0.057545625,0.030922862,0.13115624
bittern,0.025716549,-0.060725845,0.1684685
crane,0.30346185,0.07922765,0.194374
limpkin,0.10316638,-0.005747358,0.10677181
European gallinule,0.0063597406,-0.0906309,-0.064178005
American coot,0.21517594,0.039633602,0.25319454
bustard,0.12178296,0.041462272,0.03369059
ruddy turnstone,0.1284051,0.008475888,0.20080543
red-backed sandpiper,0.18610929,0.21539171,0.1429582
redshank,-0.1942797,-0.25680703,0.1040228
dowitcher,-0.12073901,-0.26432267,0.059461173
oystercatcher,-0.011002761,-0.16852218,-0.050719004
pelican,-0.12920995,-0.17308821,0.19016853
king penguin,0.41175577,0.3513633,-0.10333837
albatross,0.23150827,-0.00775579,-0.13056222
grey whale,0.17688717,0.50112414,0.044792946
killer whale,0.17073968,0.33196908,0.3126695
dugong,0.15274325,-0.012108864,0.09989787
sea lion,0.18154962,0.24755594,0.11730027
Chihuahua,0.103573576,-0.18225524,0.14839548
Japanese spaniel,0.19546244,0.22268063,0.22533146
Maltese dog,0.21576466,0.15343687,0.2505663
Pekinese,0.1216982,-0.03942488,0.18104531
Shih-Tzu,0.22380015,0.11705377,0.22211027
Blenheim spaniel,-0.029555066,-0.10964761,0.100134484
papillon,0.058711763,-0.0052486933,0.1845568
toy terrier,0.15617034,-0.01002309,0.3117915
Rhodesian ridgeback,0.25311258,-0.042188022,0.014680237
Afghan hound,0.20523019,-0.036135178,0.129472
basset,0.10084893,0.06829799,0.30263615
beagle,0.12998126,0.012737139,0.40661445
bloodhound,0.24949339,0.16952269,0.26744568
bluetick,-0.08475428,-0.15876643,0.14715235
black-and-tan coonhound,0.024490016,-0.08755273,0.14868648
Walker hound,0.22646476,0.012132173,0.31875905
English foxhound,0.16555563,-0.0733309,0.22236949
redbone,0.18716241,-0.01284662,0.3599038
borzoi,0.048619103,0.06882067,0.20870459
Irish wolfhound,0.1304107,0.07029336,-0.06428431
Italian greyhound,0.16767,-0.045020733,0.17700231
whippet,0.25489852,0.062294237,0.44148496
Ibizan hound,0.23977543,0.104100846,0.028066488
Norwegian elkhound,-0.017374156,-0.2600314,-0.07342838
otterhound,-0.069387496,-0.09972694,0.08607581
Saluki,0.15082064,-0.12062141,0.06111927
Scottish deerhound,0.03623618,0.078643516,-0.06796496
Weimaraner,0.12954652,0.039440423,-0.13443464
Staffordshire bullterrier,0.011194528,-0.09362642,0.05864855
American Staffordshire terrier,-0.06284553,-0.2522145,-0.0014984662
Bedlington terrier,0.0572359,-0.14871298,0.045520812
Border terrier,0.15157995,-0.16326536,0.28193486
Kerry blue terrier,0.32434782,0.12436104,0.0016838763
Irish terrier,0.26334864,0.15403442,0.2162824
Norfolk terrier,0.16784199,0.040170763,0.21063639
Norwich terrier,0.1420421,0.2534661,0.21918221
Yorkshire terrier,0.1636436,0.17000829,0.22429176
wire-haired fox terrier,0.12531917,0.01958283,0.11404553
Lakeland terrier,0.17181788,-0.12694937,0.21792036
Sealyham terrier,0.12846373,0.0072267535,0.05731536
Airedale,0.27821606,0.08997578,0.29840598
cairn,0.06999635,-0.05264974,0.27484936
Australian terrier,0.30442137,-0.06618503,0.2784576
Dandie Dinmont,-0.041938335,-0.21410973,-0.011068802
Boston bull,0.2326737,-0.06447254,0.29645723
miniature schnauzer,0.053606454,-0.05813717,0.17577896
giant schnauzer,0.21997894,0.09443198,0.18067837
standard schnauzer,0.18177317,-0.08456216,-0.06687228
Scotch terrier,0.014256089,-0.075659655,-0.1127187
Tibetan terrier,-0.001170732,-0.09691859,0.05756505
silky terrier,0.15490814,0.38909265,0.35645345
soft-coated wheaten terrier,0.0972156,-0.09877764,0.108519256
West Highland white terrier,-0.025200225,0.32702303,-0.19053371
Lhasa,-0.05692088,0.062408663,0.14476956
flat-coated retriever,-0.004157776,0.045853492,0.12778142
curly-coated retriever,0.030854702,0.09411978,-0.0530919
golden retriever,0.097565934,-0.077618994,0.24703008
Labrador retriever,0.14459015,-0.13087794,0.2215717
Chesapeake Bay retriever,0.07990395,-0.19691429,-0.10206451
German short-haired pointer,0.12578358,0.024309903,0.19923632
vizsla,-0.008073282,-0.09288478,-0.037643887
English setter,0.25581428,0.08541151,0.279135
Irish setter,0.18323456,-0.07304272,-0.05587446
Gordon setter,0.2127024,0.19749346,0.14136897
Brittany spaniel,0.24639156,0.034432586,0.17002912
clumber,0.17943841,-0.009672047,0.36509955
English springer,0.16967066,0.12419188,0.24732603
Welsh springer spaniel,0.12968037,-0.21274053,0.044303108
cocker spaniel,-0.03330141,-0.18450947,0.12273049
Sussex spaniel,0.17281097,-0.043499667,0.2062314
Irish water spaniel,-0.03156067,-0.15689433,-0.13582751
kuvasz,-0.21572334,-0.23481952,-0.09737911
schipperke,-0.03355427,-0.11740375,0.041478872
groenendael,-0.05695761,-0.15095237,0.009255669
malinois,-0.019893613,0.0011781483,0.013432869
briard,0.0927255,-0.10028952,0.24464977
kelpie,0.08445021,-0.012433773,0.20604105
komondor,0.09772133,-0.043031726,0.27758214
Old English sheepdog,0.07733258,-0.061761316,-0.020884586
Shetland sheepdog,0.23421031,0.05031251,0.21566895
collie,0.0043558995,0.018639535,0.26077268
Border collie,0.3134927,0.05355772,0.3028936
Bouvier des Flandres,-0.025322067,-0.1645869,-0.035296418
Rottweiler,0.24297331,0.13305907,0.23417605
German shepherd,0.17152053,-0.04440694,0.04916191
Doberman,0.25136903,-0.022854876,0.30835667
miniature pinscher,0.10275424,0.03246406,0.261301
Greater Swiss Mountain dog,0.08785222,0.02972988,-0.17459375
Bernese mountain dog,0.18639854,0.1523968,-0.07838571
Appenzeller,0.20075493,-0.08605886,0.18928811
EntleBucher,-0.010339876,-0.16169168,-0.013222737
boxer,0.36533934,0.04658736,0.4007735
bull mastiff,-0.107017614,-0.1261332,0.1152258
Tibetan mastiff,0.103201345,0.04507194,-0.20410995
French bulldog,0.12551446,-0.119398765,0.26935804
Great Dane,0.28815898,0.058825128,0.2901201
Saint Bernard,0.20793435,0.1256568,0.17730461
Eskimo dog,0.24194773,0.039299157,0.1779735
malamute,-0.017120233,0.10426577,0.11168076
Siberian husky,0.16139784,0.19053617,0.1145336
dalmatian,-0.21184103,-0.16716604,-0.08825447
affenpinscher,-0.18144685,-0.07757874,0.00935738
basenji,-0.18557708,-0.20358834,-0.2188294
pug,0.09700653,0.28709242,0.15236078
Leonberg,0.07261116,-0.17693627,0.02971646
Newfoundland,0.3731294,0.11054323,0.056001954
Great Pyrenees,0.13495414,-0.09719194,0.07361732
Samoyed,0.097760886,-0.18615873,0.022605192
Pomeranian,0.2496502,0.058548603,0.19359845
chow,0.015349478,-0.050745137,0.020541666
keeshond,-0.12996183,-0.09599048,0.10960594
Brabancon griffon,-0.042379435,-0.03898767,-0.039046645
Pembroke,-0.039050885,-0.27680907,-0.0725483
Cardigan,0.32313296,-0.08896856,0.29278362
toy poodle,0.23791109,0.29292172,0.3697627
miniature poodle,0.200501,0.26037183,0.121353514
standard poodle,0.12699915,0.049631618,0.16730942
Mexican hairless,0.1896282,0.11669283,0.023428058
timber wolf,0.06041153,0.08726279,0.07723617
white wolf,0.18237284,0.40138552,0.24863097
red wolf,0.2776948,0.30799785,0.24478468
coyote,0.20079447,0.22569734,0.19284056
dingo,0.100841865,-0.031052118,0.34193248
dhole,0.027710853,0.007424877,0.042733304
African hunting dog,0.25927985,0.3444438,-0.11903783
hyena,-0.12880665,0.18786204,0.056067992
red fox,0.27586964,0.14189483,0.34266245
kit fox,0.14879207,0.053923946,0.25864065
Arctic fox,0.31733757,0.48914415,-0.052248195
grey fox,0.13377564,0.16887005,-0.019306306
tabby,0.1537692,0.102825575,0.21016033
tiger cat,0.26144052,0.45992282,0.15181868
Persian cat,0.19060858,0.089970835,0.08716461
Siamese cat,-0.027326614,0.14205056,-0.0910614
Egyptian cat,0.31957874,-0.04202804,0.11546454
cougar,0.054073688,-0.06023036,0.13199216
lynx,-0.050893113,0.42847234,0.121938
leopard,0.066216454,0.50284755,-0.07110422
snow leopard,0.03772688,0.76827806,-0.08058026
jaguar,0.08654623,0.3067067,0.18758833
lion,0.22778381,0.6221446,0.11577709
tiger,0.15152167,0.59343606,0.33531034
cheetah,0.20475978,0.0036619364,0.057530437
brown bear,0.17454676,0.43622425,0.11898627
American black bear,0.14907709,0.4614651,0.04796681
ice bear,0.17603959,0.22962803,0.061279606
sloth bear,0.07483325,0.34466454,0.034618348
mongoose,0.2619021,0.39041913,-0.06440438
meerkat,0.18128404,0.18480577,-0.024380537
tiger beetle,0.3001866,0.37271973,-0.10038205
ladybug,0.18888727,0.5503065,-0.055603232
ground beetle,0.18467899,0.32961276,-0.04557414
long-horned beetle,0.0809034,0.22751753,-0.04468735
leaf beetle,-0.023500457,0.16639614,-0.24966538
dung beetle,-0.058623474,0.18322113,-0.02940815
rhinoceros beetle,-0.34536487,-0.07378401,-0.28007334
weevil,0.35509765,0.35843855,0.06785654
fly,-0.020573096,0.08495876,0.021329923
bee,0.1632809,0.096368715,-0.10005679
ant,-0.032099243,0.16927582,-0.03724093
grasshopper,0.26343974,0.58540446,-0.14382768
cricket,-0.023127517,-0.22767292,-0.13996904
walking stick,0.083409086,-0.046996675,-0.04840332
cockroach,0.17588243,0.39932588,0.067383654
mantis,0.25235823,0.39198893,-0.03182166
cicada,0.022816734,0.06474942,-0.13066605
leafhopper,0.07836417,0.212096,-0.15580447
lacewing,-0.050430115,-0.096607454,0.050769858
dragonfly,0.044994246,0.5191241,0.029777557
damselfly,-0.13643424,0.09471733,-0.12817378
admiral,-0.043581598,-0.07720544,0.05117458
ringlet,-0.02375332,0.014115884,0.107867315
monarch,0.36302826,0.29568025,0.21123889
cabbage butterfly,0.31220472,0.39491102,-0.10971153
sulphur butterfly,0.054396126,0.176783,-0.2136478
lycaenid,-0.30926427,-0.21981613,-0.27663177
starfish,-0.0025544204,0.54427236,0.073261686
sea urchin,0.12456976,0.00943331,0.06991795
sea cucumber,0.21918644,0.30855373,0.3037991
wood rabbit,0.10214892,0.20704827,0.12646978
hare,0.1638216,0.007354951,0.2892114
Angora,0.023874102,0.047108274,0.027604198
hamster,0.002612339,0.45640534,0.1251938
porcupine,-0.06955242,0.6041701,-0.16100301
fox squirrel,0.10594011,0.30292925,0.013497144
marmot,0.19032747,0.058912713,0.016144093
beaver,0.26815164,0.13251308,0.43832204
guinea pig,0.23828897,0.5170245,0.104389735
sorrel,0.08146246,0.1486487,0.252734
zebra,0.3453419,0.6505575,0.416432
hog,0.18764696,-0.02706704,0.0990079
wild boar,0.16757853,0.32011837,-0.09148378
warthog,0.15220715,0.18973309,-0.0042135753
hippopotamus,0.23018426,0.3384761,-0.037787624
ox,-0.08237044,-0.08934927,-0.09451956
water buffalo,-0.052535668,0.18090121,0.13569471
bison,0.25948435,0.53666914,-0.0904363
ram,0.14748184,-0.1376025,0.22631855
bighorn,0.034266952,0.1253732,-0.099414386
ibex,-0.020912485,-0.18082881,-0.20784217
hartebeest,-0.26108947,-0.25031132,-0.18973874
impala,0.0057777297,-0.061404977,0.06801193
gazelle,0.18865277,0.37687078,0.054404955
Arabian camel,0.23140867,0.09800951,0.09661311
llama,0.123512745,0.47346023,0.11267703
weasel,0.28859407,0.2687121,0.20623563
mink,0.1527701,0.16530593,0.11882064
polecat,-0.06364826,-0.10800646,-0.088092014
black-footed ferret,0.07289687,0.23217857,0.029732706
otter,0.17916507,0.29526812,0.11349743
skunk,0.12974465,0.10697912,0.0960032
badger,0.23958367,0.35691148,0.28148526
armadillo,0.056181006,0.083326094,-0.048744474
three-toed sloth,0.08635905,0.051255807,0.124161504
orangutan,0.018328046,0.11567432,-0.054803673
gorilla,0.14510366,-0.120788455,0.0814282
chimpanzee,0.10873998,-0.16971657,-0.028949745
gibbon,0.12554166,-0.14498605,0.17308079
siamang,-0.028724782,-0.09417205,0.018913236
guenon,-0.08375024,-0.03160623,0.050521936
patas,0.1947049,0.19123933,0.09294234
baboon,0.19807442,0.21256042,0.12131785
macaque,0.02632328,0.123910055,0.07093435
langur,0.0073538916,-0.012992122,0.0048347875
colobus,0.022580823,-0.059874374,-0.0050562196
proboscis monkey,-0.014035363,-0.08701099,0.026237108
marmoset,0.088543706,-0.0594195,0.18144368
capuchin,-0.16099912,-0.09496808,-0.03855257
howler monkey,-0.083125494,-0.10620887,-0.028976234
titi,-0.13199852,-0.24004136,0.066981405
spider monkey,0.1493084,0.36762783,0.21799453
squirrel monkey,0.22369349,0.3461012,0.15256844
Madagascar cat,0.23685549,0.32690296,0.10904405
indri,-0.030014176,0.06488362,-0.15429612
Indian elephant,0.21805738,0.35354975,-0.10866158
African elephant,0.29748917,0.26286906,-0.108880185
lesser panda,0.09084173,0.3605646,0.033264678
giant panda,0.111549385,0.51549464,0.09613669
barracouta,0.081355095,0.06932675,0.011507429
eel,-0.14023991,-0.14125738,-0.04587574
coho,0.06323824,0.024853773,0.34198722
rock beauty,0.09399229,0.06500511,0.27085546
anemone fish,0.088916294,0.5144101,0.035922576
sturgeon,0.0036548732,0.15508437,0.31519142
gar,0.06978621,-0.027518734,0.15319848
lionfish,0.22379556,0.6939068,0.19613697
puffer,0.017725905,0.17576341,0.16908512
abacus,-0.108699724,-0.19679703,-0.065073974
abaya,0.036593582,-0.010723763,0.04197577
academic gown,0.21489765,0.18173608,0.2127257
accordion,0.17214632,0.6143542,0.102197304
acoustic guitar,0.23251337,0.3764604,0.22279611
aircraft carrier,0.049035124,0.21899821,0.2736744
airliner,-0.03785755,0.3320111,0.043854948
airship,-0.20061718,0.03874964,-0.063240714
altar,0.09432568,0.021765726,0.22653893
ambulance,0.076949045,0.36109364,0.19185735
amphibian,-0.12442285,-0.22542964,-0.10249608
analog clock,0.23482022,0.4030228,0.16836008
apiary,-0.09610279,-0.22499949,-0.22717391
apron,0.27327886,0.57791954,0.34209776
ashcan,-0.18543334,0.09274174,-0.11117892
assault rifle,-0.2056847,0.08563048,-0.038008705
backpack,0.24207133,0.6780498,0.1746287
bakery,0.43016928,0.6059214,0.782727
balance beam,0.13382155,0.03451452,0.19894531
balloon,0.027830575,0.023692224,0.39243215
ballpoint,-0.018177953,0.0041090394,0.24654342
Band Aid,0.1888131,0.2833115,0.0959647
banjo,0.21499687,0.7350551,0.26797578
bannister,0.05480297,0.045082185,0.10937002
barbell,0.08205577,0.16737404,0.16118312
barber chair,0.10235517,0.0772782,0.32514068
barbershop,0.029536702,0.07835358,1.0000021
barn,0.21628416,0.3079484,1.0000007
barometer,-0.11379444,-0.11386895,-0.051001534
barrel,0.008258339,0.6470704,0.31633177
barrow,0.11510502,0.15299612,0.45820257
baseball,0.32598758,0.66854584,0.16318344
basketball,0.1438238,0.4301615,0.26519284
bassinet,-0.031282026,0.0897886,0.23994072
bassoon,0.097418666,0.053300615,-0.09006372
bathing cap,0.08732071,0.09318991,0.10863439
bath towel,0.14602435,0.07244764,0.5072091
bathtub,0.10944348,0.30953056,0.7179472
beach wagon,0.30699697,0.10778609,0.27126583
beacon,0.30940378,0.3666658,0.4191517
beaker,0.264198,0.080885746,0.2873873
bearskin,0.27830046,0.28467786,0.32004985
beer bottle,0.020415233,0.2874901,0.54948825
beer glass,0.117190085,0.24086812,0.089447804
bell cote,-0.06378246,-0.005585963,0.085505106
bib,0.25730956,0.20451538,0.42177603
bicycle-built-for-two,0.14989783,0.43210813,0.51356846
bikini,0.30879882,0.37161008,0.24152182
binder,0.12894438,0.29156345,0.4498192
binoculars,0.016737051,0.17851384,0.07875477
birdhouse,0.08541258,0.4052449,0.48372877
boathouse,0.15239362,0.23561306,1.0
bobsled,0.1049449,0.042213097,0.13099237
bolo tie,0.08212746,0.1312078,-0.12676007
bonnet,0.04431512,0.24155007,0.25098655
bookcase,0.73045975,0.28050065,0.6011908
bookshop,0.3841816,0.30113733,0.8181449
bottlecap,0.20593439,0.40952486,0.6436077
bow,0.04287492,-0.012580335,-0.05458895
bow tie,0.3843723,0.078601494,0.116374284
brass,0.20967509,0.13770668,0.2262631
brassiere,0.19780178,0.09014918,-0.039286092
breakwater,0.25564477,0.117545724,0.13751385
breastplate,0.26907375,0.27914134,0.18682127
broom,0.16134028,0.32284796,0.3714402
bucket,0.00969359,0.4183938,0.22452167
buckle,0.14738685,0.24141763,-0.071948625
bulletproof vest,0.26632756,0.29585367,0.15268746
bullet train,0.23350893,0.17160599,0.33036217
butcher shop,0.008368173,0.3818073,0.66423976
cab,0.2202929,0.18653944,0.4776332
caldron,0.14135413,0.15601318,0.20591779
candle,0.40627152,0.38043135,0.1259524
cannon,0.24021652,0.45896152,0.25213575
canoe,0.36909947,0.14973538,0.4772832
can opener,0.23979273,0.19996807,0.20058505
cardigan,-0.14530672,-0.14025651,-0.17522767
car mirror,-0.052956637,0.32441565,0.44345278
carousel,-0.012050945,0.18345174,0.44484106
carpenter's kit,0.1312311,0.27895874,0.3049603
carton,0.012763273,0.19167371,0.25908563
car wheel,0.59327185,0.85485536,0.138882
cash machine,0.1807656,0.3265865,0.14268485
cassette,0.20787713,0.6459421,0.24525262
cassette player,0.14562456,0.24879766,0.14542292
castle,0.42277727,-0.022905732,0.99999785
catamaran,0.17040418,0.08507919,0.29367572
CD player,0.24043019,0.18659066,0.20407853
cello,0.08660343,0.12833871,0.172182
cellular telephone,0.19884643,0.50554395,0.06470174
chain,-0.041920677,0.36501655,0.13014266
chainlink fence,0.18087791,0.1420421,0.019201063
chain mail,0.079229414,0.13969745,0.14274418
chain saw,-0.062305894,0.35014808,0.15233076
chest,0.12498049,0.12358091,0.285292
chiffonier,0.11193539,0.18919946,0.11958382
chime,-0.011920629,0.17789227,0.08410234
china cabinet,0.16236198,0.38019016,0.4470317
Christmas stocking,0.10877141,0.43538618,0.061976746
church,0.092230015,0.63461477,0.38199657
cinema,0.08197242,0.4493315,0.28855556
cleaver,0.031097677,0.17451464,0.24492347
cliff dwelling,0.1925764,0.427855,0.11184357
cloak,0.31583557,0.03490794,0.22703052
clog,0.14126761,0.2916002,0.32893646
cocktail shaker,0.18987541,0.26956853,0.3192722
coffee mug,0.05155776,0.40550375,0.27796143
coffeepot,0.106436305,0.2992221,0.11041644
coil,0.21378766,0.26055548,0.14586578
combination lock,0.21051526,0.22425997,-0.07117061
computer keyboard,0.41174552,0.45455158,0.34709218
confectionery,0.2663265,0.4310448,0.47561735
container ship,0.1948172,0.1837304,0.27305248
convertible,0.30460784,0.20881584,0.3042024
corkscrew,0.11900923,0.13145606,0.27962235
cornet,-0.04446097,-0.057312183,0.098531835
cowboy boot,0.18173115,0.42045063,0.3618109
cowboy hat,0.020578748,0.3920165,0.091497906
cradle,0.06100343,0.25864416,0.45593032
crane,0.3030211,0.28449067,0.3004617
crash helmet,0.2689459,0.4501964,0.3713837
crate,0.16503894,0.25504935,0.12697904
crib,0.17280038,0.14991796,0.325948
Crock Pot,0.17846228,0.23644617,0.24355215
croquet ball,0.35989323,0.40407592,-0.19016077
crutch,0.17522167,0.27551824,0.4238438
cuirass,-0.13894875,-0.115399554,-0.15779488
dam,0.110712744,0.042843137,0.031406693
desk,0.23387304,0.22927415,0.3004635
desktop computer,0.31085423,0.4408595,0.403775
dial telephone,-0.22248286,0.27997375,-0.093105145
diaper,0.3473461,0.34973276,0.43953055
digital clock,0.20458849,0.3966069,0.26138505
digital watch,0.35883233,0.35760897,0.21429904
dining table,0.24780104,0.43007287,0.7555653
dishrag,0.18160683,0.026676089,0.099899635
dishwasher,-0.015611172,0.28470364,0.331202
disk brake,0.114771985,0.22633655,0.16970244
dock,0.09896834,0.11463001,0.26645258
dogsled,0.059975024,-0.018439645,-0.057816852
dome,0.6183788,0.6751475,0.20042966
doormat,0.0184234,0.048351403,0.090296805
drilling platform,0.104155235,0.39119786,0.3865241
drum,0.10754453,0.40692416,0.16153099
drumstick,0.00095530314,0.4077827,0.2424637
dumbbell,0.038204707,-0.07864175,0.052272916
Dutch oven,0.35665473,0.32080597,0.10707447
electric fan,-0.019654524,0.43334633,0.10476373
electric guitar,0.12697904,0.25523192,0.16690646
electric locomotive,0.124583535,0.13211295,0.21361567
entertainment center,0.28483042,0.30738863,0.18574695
envelope,0.17444259,0.15532063,0.0934343
espresso maker,0.1748074,0.47266173,0.15865059
face powder,0.08582118,0.1995086,-0.060425308
feather boa,0.17339759,0.24430932,0.16383219
file,0.020993713,0.028488517,0.38677168
fireboat,0.14534381,0.31728953,0.267226
fire engine,0.29382405,0.30988726,0.36993292
fire screen,0.0633735,0.24702515,0.23090789
flagpole,0.014616667,0.44949466,0.3034138
flute,0.2722144,0.51889277,0.066629305
folding chair,0.18769005,0.27535227,0.083609685
football helmet,0.12064084,0.44962886,0.0851922
forklift,0.0982938,0.68270445,0.35495922
fountain,0.21233828,0.29211122,1.0
fountain pen,0.043332268,0.24196891,0.15622403
four-poster,0.34790584,0.35301858,0.27100626
freight car,0.11477658,0.29323074,0.28765288
French horn,0.20786831,0.18747355,0.007894229
frying pan,-0.030455982,0.19576932,0.032396607
fur coat,0.0040935003,0.43703827,0.21801995
garbage truck,0.3262503,0.30829662,0.2039129
gasmask,0.051986855,0.08965087,-0.06406817
gas pump,0.18288139,0.6116363,0.6988782
goblet,-0.01869357,0.00078048796,0.086748235
go-kart,0.34903634,0.6592206,0.16179585
golf ball,0.12704648,0.6779756,-0.051151272
golfcart,0.20913757,0.5600156,0.3120154
gondola,0.26936758,0.08617329,0.23474464
gong,0.036306463,0.28767514,0.09836691
gown,0.55236155,0.43820867,0.15891053
grand piano,0.007472201,0.4943367,0.17213361
greenhouse,0.10597296,0.51855546,0.74063253
grille,0.13001586,0.22446656,0.28928486
grocery store,0.1576455,0.2877532,0.49157038
guillotine,-0.15752967,-0.14922717,0.0074301744
hair slide,-0.18546936,-0.05365272,-0.084396176
hair spray,0.17318851,0.38456938,0.23961757
half track,0.27577534,0.24532643,0.15909699
hammer,0.1220111,0.14604059,0.22095966
hamper,0.18592882,0.21283694,0.2774165
hand blower,-0.019831104,0.120701574,0.106440894
hand-held computer,0.37078544,0.5317242,0.28412127
handkerchief,0.111422956,0.19717456,0.002322393
hard disc,0.23588605,0.50599706,-0.06785654
harmonica,-0.078709915,0.08128164,0.23781963
harp,0.09001993,0.22026712,0.16837102
harvester,0.09901461,0.17894928,0.2124693
hatchet,-0.05795388,0.17059065,0.016224613
holster,0.13690571,0.2999228,0.18256249
home theater,0.013714692,0.32402647,1.0
honeycomb,0.044771403,-0.103465155,0.5354942
hook,0.14218901,0.24000181,0.19403
hoopskirt,0.36174592,0.275015,0.194303
horizontal bar,0.20119001,0.14230978,-0.01702276
horse cart,0.07381756,0.5059314,0.6505826
hourglass,-0.1358056,0.03220731,0.15704335
iPod,0.08125162,0.23169403,0.13100684
iron,0.018612342,0.13982318,-0.20770374
jack-o'-lantern,0.78410006,0.21425207,0.050013386
jean,0.018391969,0.033381224,0.08832722
jeep,0.10062432,0.13698481,0.21068867
jersey,0.06946872,-0.059521917,0.15954304
jigsaw puzzle,0.16333564,0.46153465,0.2184494
jinrikisha,-0.014741687,-0.15140583,-0.11034793
joystick,0.005551353,0.07764231,0.26109123
kimono,0.10980582,0.57170177,0.1616394
knee pad,0.16927512,0.70754766,0.052265145
knot,0.035710324,0.30687937,0.33596793
lab coat,0.086756706,0.24119514,0.010493148
ladle,-0.10862273,-0.052073024,0.19941609
lampshade,0.09717357,0.29994857,0.29678988
laptop,0.039549902,0.37246263,0.18565547
lawn mower,0.17871372,0.75724775,0.30503306
lens cap,0.22060086,0.22237585,0.03795467
letter opener,0.060531255,0.05064519,0.07999154
library,0.29300612,0.35988262,0.37163657
lifeboat,0.4082464,0.22893937,0.5046155
lighter,0.01497654,0.26268187,0.27406216
limousine,0.166548,-0.005056926,0.06492918
liner,0.48574778,-0.03234999,0.43441075
lipstick,-0.04992368,0.6936256,0.09129519
Loafer,0.09930526,0.017175326,0.12944163
lotion,-0.0509927,0.08078615,0.20999788
loudspeaker,0.10938697,0.29282814,0.21127138
loupe,0.11246443,0.123943955,0.18583241
lumbermill,-0.014917915,0.17873597,0.22162397
magnetic compass,0.28312996,0.42182267,0.061190255
mailbag,0.025497233,0.12191539,0.12074855
mailbox,-0.10842638,0.11974415,-0.09200152
maillot,0.13389924,0.035421085,0.23429507
maillot,0.12273579,0.14362073,0.23429507
manhole cover,0.7912883,0.9271049,0.16662216
maraca,0.063922666,-0.07855735,0.12568575
marimba,0.120893344,0.1546641,0.09736605
mask,0.32025328,0.24892092,0.13778791
matchstick,0.06032642,0.13562833,-0.014890368
maypole,0.05118129,0.1168447,0.21924931
maze,0.37853843,0.60511196,0.22281553
measuring cup,0.10031636,0.59426284,0.27248636
medicine chest,-0.062822215,0.055113398,0.12358585
megalith,0.10792453,0.036193803,0.14500089
microphone,0.3316724,0.7239107,0.2385821
microwave,-0.07469764,0.029774379,0.15979803
military uniform,0.19809349,0.66436297,0.1636436
milk can,-0.042299975,0.057384934,0.140016
minibus,0.0809419,-0.05826925,0.26205465
miniskirt,0.22091553,0.0002479197,-0.11856071
minivan,0.29798782,0.13997893,0.26007518
missile,0.04177694,0.25619924,0.08412636
mitten,0.2455129,0.30350456,0.38920814
mixing bowl,-0.0051709977,0.056443404,0.15912913
mobile home,-0.065801494,0.4086197,0.4219579
Model T,0.25959134,0.21383499,0.1998607
modem,0.16493194,0.022197995,0.18346058
monastery,0.29105702,0.181402,0.35110798
monitor,0.33302537,0.24646325,0.41096717
moped,0.12460437,0.45721337,0.63980836
mortar,0.01984735,0.34642965,0.1083621
mortarboard,0.01407633,0.02733968,0.03840813
mosque,0.5541599,0.36108267,0.5975843
mosquito net,0.10799834,-0.030846931,0.13396281
motor scooter,0.06902939,0.25207642,0.759484
mountain bike,0.076697595,0.36456555,0.32653284
mountain tent,0.12115575,0.6275946,0.4686219
mouse,0.246726,0.302871,0.4202041
mousetrap,0.026469842,0.1470397,0.09645348
moving van,0.054677594,0.11600947,0.12128536
muzzle,0.21723239,0.2553866,0.33287916
nail,0.24440503,0.18077761,0.19481191
neck brace,0.054341033,0.22414096,0.029261941
necklace,0.16871041,0.70089126,0.26896638
nipple,0.18102977,0.22965628,0.39025635
notebook,0.41527468,0.32203427,0.55681103
obelisk,-0.2504978,-0.1664576,-0.12650543
oboe,-0.019893613,0.019219426,0.1399655
ocarina,-0.3406353,-0.3905876,-0.3830137
odometer,0.05452044,-0.018600333,-0.30813628
oil filter,0.22311679,0.05504347,0.13606447
organ,-0.030149437,0.016124316,0.1966646
oscilloscope,-0.047596697,-0.035810623,0.10872762
overskirt,0.17339158,0.11946481,0.09594528
oxcart,-0.1752418,-0.046977606,-0.052372508
oxygen mask,0.059128497,0.3514336,0.12623881
packet,0.27482465,0.40512657,0.31006348
paddle,0.2666175,0.13321835,0.4686099
paddlewheel,0.24556057,0.11292107,0.22693516
padlock,0.0034348532,0.04787605,0.103783004
paintbrush,0.08666383,0.5983086,0.24382867
pajama,0.2740657,0.11001525,0.1311082
palace,0.2824533,0.24700749,0.3094158
panpipe,0.051041085,0.26435515,0.18020372
paper towel,0.008270347,0.23444234,0.3096005
parachute,-0.030090813,0.032804508,0.18609658
parallel bars,0.21080838,0.026194377,0.048341516
park bench,0.25056913,0.16750084,0.66977376
parking meter,0.06485537,0.9186612,-0.07038553
passenger car,0.25985762,0.325307,0.30981627
patio,0.28623423,0.18679619,0.24499021
pay-phone,0.1417684,0.37092882,0.23670857
pedestal,0.013319151,0.11699197,-0.029406032
pencil box,0.20450798,0.3842773,0.34478813
pencil sharpener,-0.02369399,0.3120253,0.06756554
perfume,0.09127471,0.10805803,0.16082501
Petri dish,0.15972598,0.15871805,0.23184942
photocopier,-0.07605802,0.27232212,0.14305708
pick,0.17792794,0.069039635,0.081263274
pickelhaube,-0.25255814,-0.15586379,-0.17536788
picket fence,0.22315316,0.43552038,-0.09640933
pickup,0.41297558,0.16294575,0.3686347
pier,0.31361455,0.150364,0.3933624
piggy bank,-0.10044067,0.1440477,0.18049473
pill bottle,-0.03574246,0.22375318,0.42744747
pillow,0.07026051,0.31940922,0.012914427
ping-pong ball,0.15248333,-0.035459228,-0.20862795
pinwheel,0.14407137,0.32623443,0.2376727
pirate,0.35833013,0.21605071,0.41571155
pitcher,0.10156161,0.006220595,0.28933075
plane,-0.12931626,0.04962067,0.061588973
planetarium,0.25816882,0.13721791,0.66659606
plastic bag,0.2801231,0.013742238,0.35488644
plate rack,0.15958011,0.2341584,0.27721697
plow,0.1649118,0.1961564,0.3056511
plunger,0.011097055,-0.10949998,0.1292149
Polaroid camera,0.1734834,0.2642591,0.1177721
pole,-0.03531443,0.26557463,0.18001936
police van,0.29898196,0.57132494,0.375521
poncho,0.28141004,0.47339666,0.18247384
pool table,0.24429166,0.27859536,0.14783995
pop bottle,0.14397636,0.2601052,0.49128643
pot,0.031932905,0.023370493,0.19489208
potter's wheel,0.068098105,0.16268583,0.21693504
power drill,0.16986878,0.37534866,0.20040034
prayer rug,0.15911995,0.4239381,0.12232754
printer,-0.13061202,0.64412504,0.18201296
prison,0.08759158,0.15773661,0.43441075
projectile,0.14621824,0.10676051,0.21025638
projector,0.19370651,0.5204382,0.31521648
puck,-0.08536949,0.052294105,-0.013491847
punching bag,0.11264242,0.4179686,0.27501288
purse,0.11212822,0.28995657,0.12790678
quill,0.2055286,0.1625315,0.18379007
quilt,0.23486648,0.1793925,0.21462217
racer,0.39501977,0.24748673,0.31454405
racket,0.21811141,0.27698138,0.22246732
radiator,0.28443488,-0.001652798,0.35372385
radio,-0.052531075,-0.048888564,-0.17226641
radio telescope,0.10541461,0.28311935,0.22408056
rain barrel,-0.090514354,-0.043746527,-0.06536498
recreational vehicle,0.4180099,0.12200898,0.19151902
reel,0.08820644,0.335221,0.40668613
reflex camera,0.14594771,0.32503897,0.20352124
refrigerator,0.13202113,0.6918351,0.46841532
remote control,0.067090176,0.47408357,0.02001616
restaurant,-0.017643265,0.71577877,0.14288756
revolver,0.09423986,0.88007116,0.17926113
rifle,-0.077359065,0.25391746,0.26799026
rocking chair,0.11295815,0.90022576,0.22559562
rotisserie,-0.15559186,-0.11488994,0.11564712
rubber eraser,0.029362593,0.11884041,0.12088946
rugby ball,0.0075767366,0.44383982,0.036017224
rule,0.063059896,0.1276405,0.24447425
running shoe,0.13329004,0.40230903,0.4332291
safe,0.09006478,0.0899387,0.2947857
safety pin,0.05462003,0.05393207,0.11150524
saltshaker,-0.16178173,-0.17087318,-0.027187115
sandal,0.04016546,0.23918106,0.33188856
sarong,-0.05407616,0.057494767,0.18804038
sax,0.11073182,0.3509388,0.18725178
scabbard,0.1928282,0.341455,0.14941612
scale,-0.05238416,0.21856523,0.17306067
school bus,0.20537215,0.6124369,0.54742014
schooner,0.21076848,0.12878051,0.39678523
scoreboard,0.09661204,0.2320719,0.29306617
screen,-0.02108165,0.34403768,0.10944737
screw,0.25018418,0.37760255,-0.10174631
screwdriver,0.016695732,0.27122098,-0.0072910287
seat belt,0.12644434,0.27313545,0.25130263
sewing machine,0.03619098,0.6927357,0.26709923
shield,0.15211992,0.3078686,0.40096316
shoe shop,0.16739595,0.6876201,1.0
shoji,0.1629454,0.038191993,0.315843
shopping basket,0.1295949,0.61181533,0.40089145
shopping cart,0.067240626,0.5353614,0.09016861
shovel,-0.015424702,0.1906054,0.19015335
shower cap,0.18557037,0.016620861,0.2730016
shower curtain,0.09270855,0.40552813,0.36912876
ski,0.002531818,0.24425812,0.057335846
ski mask,0.17430167,0.2453388,0.053038217
sleeping bag,0.40017948,0.3942022,0.37522966
slide rule,0.17814831,0.22370197,-0.02224426
sliding door,0.058610052,0.066964455,0.14545858
slot,0.17949775,0.20109855,0.18090616
snorkel,0.12366496,0.08545072,0.11908869
snowmobile,0.18796128,0.535728,0.0914912
snowplow,0.10737713,0.38398135,0.19639549
soap dispenser,0.093996175,0.28500947,0.29334798
soccer ball,0.051697966,0.44871205,0.005711335
sock,0.21669842,0.5844456,0.23748976
solar dish,0.28816178,0.6522135,0.37861964
sombrero,0.00963885,0.2723186,-0.019050969
soup bowl,0.33171692,0.5665057,0.3161082
space bar,-0.010507981,0.10310493,0.3119469
space heater,0.04042327,0.18235835,0.044211995
space shuttle,0.10775254,0.25877202,0.073780835
spatula,0.05682588,0.11338265,0.2304735
speedboat,0.24877329,0.363659,0.39217365
spider web,0.11304785,0.35273322,0.23272844
spindle,-0.03227759,0.30787495,0.41005036
sports car,0.2637816,0.49175686,0.17989787
spotlight,0.25094065,0.33291554,0.30131283
stage,0.20927672,0.328073,0.21988429
steam locomotive,0.16786423,0.45779327,0.18018712
steel arch bridge,-0.06478792,0.23750883,0.1418648
steel drum,0.09009515,0.5402417,0.181883
stethoscope,0.10824132,0.165408,0.2482877
stole,0.029566366,-0.08958024,-0.056531694
stone wall,0.30984205,0.57224315,0.3694251
stopwatch,-0.05599383,0.21735282,0.025051897
stove,0.060498763,0.24208406,0.41686285
strainer,0.16121067,0.11308776,0.1819042
streetcar,0.14734976,0.22379485,0.39548242
stretcher,0.16988574,0.16514842,0.20581573
studio couch,0.15924355,0.35456896,0.20194542
stupa,0.0007621235,0.071450315,0.32567924
submarine,0.1763313,0.5418398,0.22982192
suit,0.20286648,-0.091966905,0.043730985
sundial,0.0338926,-0.031025985,0.08302308
sunglass,0.17913859,0.015132284,0.004858449
sunglasses,0.557226,0.54480284,0.28866187
sunscreen,0.05388051,0.20208988,0.07839842
suspension bridge,0.2652861,0.14199972,0.27474624
swab,-0.23660475,-0.17752393,0.052271504
sweatshirt,0.043460112,0.15064865,-0.00828412
swimming trunks,0.092087686,0.44437593,0.44762078
swing,-0.07127691,0.23109083,0.20496319
switch,-0.040862605,0.23881942,0.16263992
syringe,-0.12715067,-0.11627151,0.18655251
table lamp,0.11471548,0.3198595,0.27369663
tank,0.33719376,0.43096426,0.24250501
tape player,0.16106552,0.1745157,0.2574275
teapot,-0.047140058,0.6068986,-0.0060034003
teddy,0.15268816,0.35527918,0.1967317
television,0.07889815,0.27765346,0.3150314
tennis ball,0.06849541,0.46212372,0.34672487
thatch,0.16615458,0.03295213,0.3762796
theater curtain,0.5120693,0.34016314,0.19963187
thimble,0.24306513,0.27500898,0.3610025
thresher,0.09335342,-0.012820486,0.18610364
throne,0.11844169,0.24647844,0.34074336
tile roof,0.14589262,0.29089704,0.1492339
toaster,0.048180476,0.53289986,0.41905951
tobacco shop,0.08456604,0.20691901,0.34596348
toilet seat,0.030791486,0.59087175,0.32581097
torch,0.32330388,0.11903006,0.21734434
totem pole,0.022532087,0.16823012,0.061284903
tow truck,0.38592127,0.50176156,0.2637689
toyshop,0.05401471,0.49214286,0.9999982
tractor,0.18336311,0.61573297,0.19543241
trailer truck,-0.016016955,0.37084195,-0.036438547
tray,-0.015451542,0.21176651,0.23603192
trench coat,0.20614488,0.22944015,0.18129146
tricycle,0.12543607,0.0868397,0.52915245
trimaran,0.07343579,0.024461763,0.24275364
tripod,0.09018944,0.14896584,0.19184358
triumphal arch,0.32459894,0.44055578,0.06271592
trolleybus,0.5484376,0.3401183,0.50534403
trombone,0.29894313,0.297047,0.13923799
tub,0.081191584,0.15058684,0.24928537
turnstile,0.18578368,0.19887999,0.33543077
typewriter keyboard,0.52593195,0.463476,0.047423296
umbrella,0.18886255,0.47753042,0.48257464
unicycle,0.5208673,0.34355983,0.8439158
upright,0.09631433,0.33466724,0.42761627
vacuum,0.30142125,0.7344607,0.21221891
vase,0.045772262,0.6067873,0.24457808
vault,0.13470586,0.073702075,0.2897044
velvet,0.26098844,0.043464348,0.10057205
vending machine,0.102297604,0.20826809,0.23224884
vestment,-0.13231036,-0.08623297,-0.15233076
viaduct,-0.044449672,-0.013714339,0.051599436
violin,0.08782997,0.04985764,0.036354493
volleyball,0.08550757,0.617913,0.31211573
waffle iron,0.15689714,0.46795797,0.15250134
wall clock,0.2128493,0.46119422,0.27128172
wallet,0.30033916,0.25563136,0.425029
wardrobe,0.26592353,0.18812054,0.36106467
warplane,0.20887624,0.37405044,0.1307215
washbasin,-0.10442046,0.28367594,0.361017
washer,0.007828188,-0.040273882,0.036396872
water bottle,0.25833446,0.5702167,0.19109982
water jug,0.07710691,0.28283507,0.37476134
water tower,0.52084327,0.86025876,0.99999857
whiskey jug,0.22347912,0.068403944,0.30905804
whistle,-0.007080897,0.055818662,0.10841755
wig,0.27882385,0.063516535,0.36495158
window screen,-0.07985204,0.067182705,0.13134836
window shade,0.17802154,0.14458239,0.22845764
Windsor tie,0.083597325,-0.14808398,-0.061411332
wine bottle,0.12803781,0.39792454,0.5110515
wing,-0.017233245,0.100803725,0.24653849
wok,0.28640234,0.17315497,0.20875722
wooden spoon,-0.021478605,0.60455537,0.13936019
wool,0.22026642,0.25752464,0.4115778
worm fence,0.095460735,0.28589943,0.40740624
wreck,0.29638588,0.025382103,0.08055306
yawl,-0.013520099,0.004396513,0.21913664
yurt,0.15072387,0.23226508,0.004401811
web site,0.47490007,0.51775205,0.38900825
comic book,0.20367415,0.66562164,0.37606275
crossword puzzle,-0.07996929,0.6612372,-0.13208011
street sign,-0.012273437,0.4291656,0.50040823
traffic light,0.043378178,0.6407665,0.08433614
book jacket,0.10174137,0.2727445,0.44068503
menu,0.47498766,0.36815935,0.073224954
plate,0.37231112,0.11471831,1.0000014
guacamole,0.1825918,0.063708656,-0.0009821435
consomme,-0.011379585,-0.08275856,0.097309545
hot pot,0.38161165,0.3144812,0.38884228
trifle,0.23343617,0.033304587,0.38593292
ice cream,0.28078708,0.23866932,0.2881837
ice lolly,0.17583299,0.27982152,0.029867968
French loaf,0.3719424,0.24435595,0.26667082
bagel,0.30325666,0.25267008,0.27196085
pretzel,0.13604116,-0.019837108,0.028429538
cheeseburger,0.042081013,0.101076365,0.12443097
hotdog,0.2380474,0.43299633,0.26657018
mashed potato,0.233516,-0.013374244,0.26682976
head cabbage,0.26505193,0.2594063,0.25382668
broccoli,0.0821769,0.48550412,0.25712982
cauliflower,0.19212082,0.79097474,0.15026759
zucchini,-0.025384575,0.32925114,0.10035344
spaghetti squash,0.19509938,0.23367138,0.052295517
acorn squash,0.21422946,0.11983951,0.05703495
butternut squash,0.1050897,0.18345988,0.1551769
cucumber,0.0004103742,-0.064135276,-0.019547515
artichoke,-0.15948547,0.33931378,-0.022584355
bell pepper,-0.0709347,0.25120163,-0.06560761
cardoon,-0.13575369,-0.18486474,0.066579506
mushroom,0.24570961,0.9226155,0.2865415
Granny Smith,0.17549536,0.110101424,0.11735501
strawberry,-0.010025562,0.6063639,0.110867076
orange,0.40952733,0.46124578,0.25785804
lemon,0.25412476,0.15807812,0.32393533
fig,0.3538086,-0.0013014019,0.10749791
pineapple,0.30222118,0.5441866,0.2230465
banana,0.19927341,0.65093684,0.17313024
jackfruit,0.17625608,0.16403314,0.31608984
custard apple,0.15622826,0.11805745,0.12444333
pomegranate,-0.16540235,0.628872,-0.18472984
hay,0.08698132,0.040087767,0.09153287
carbonara,0.055256072,-0.29307356,-0.03861579
chocolate sauce,0.3145437,0.19690333,0.20161805
dough,0.29650703,0.12470255,0.21951418
meat loaf,0.2730574,0.17440869,0.36234558
pizza,0.34625518,0.5820918,0.46233705
potpie,0.06800734,-0.016766718,-0.03690684
burrito,0.34398928,0.2208742,0.30543354
red wine,0.16943334,0.33506134,0.2719425
espresso,0.05672982,0.323187,0.22518666
cup,-0.02054661,0.14263858,0.2576041
eggnog,0.061562136,0.16832723,0.27478403
alp,-0.044414356,0.07411669,-0.012980468
bubble,0.2861689,0.55758554,0.53369695
cliff,0.098653674,0.13372725,-0.1781183
coral reef,0.26199532,0.38532266,0.29400238
geyser,0.27638808,0.6348863,0.28651077
lakeside,0.07394294,-0.008949477,0.018388437
promontory,-0.0026896815,-0.015035165,0.11335122
sandbar,0.102858774,0.32764602,0.44039616
seashore,0.094288945,0.1340776,0.3414956
valley,0.26063177,0.059634928,0.14799075
volcano,0.27510718,0.42354643,-0.010023443
ballplayer,0.09496348,0.37617788,0.31817102
groom,0.0655617,0.21713245,0.29185763
scuba diver,0.06484866,0.3303053,0.1368983
rapeseed,-0.086789556,0.04859968,0.041380692
daisy,0.51372284,0.22267498,0.5712571
yellow lady's slipper,0.032653354,0.1567029,-0.22918586
corn,-0.031450134,0.3148174,0.21708372
acorn,0.2886845,0.10392886,0.39212987
hip,0.30209827,0.016382476,0.008741818
buckeye,0.057532202,0.095225886,-0.04163497
coral fungus,0.33396795,0.40231293,0.24185379
agaric,-0.3001951,-0.19537167,-0.090601936
gyromitra,-0.13535851,-0.12346613,-0.03357193
stinkhorn,0.21479382,0.19456857,0.17534633
earthstar,0.08400558,0.07914677,0.015028454
hen-of-the-woods,0.13557853,0.2194619,0.11390356
bolete,0.069734305,-0.063315585,0.072927594
ear,0.28046003,0.075182535,-0.03278438
toilet tissue,0.009591879,0.64405054,0.3278671
